{
  "full_cache_mb": 7.340032,
  "quant_cache_mb": 1.46944,
  "savings_mb": 5.870592,
  "branch_cost_mb": 0.229376,
  "extra_branches": 25.59375
}