{
  "full_cache_mb": 29.360128,
  "quant_cache_mb": 5.87776,
  "savings_mb": 23.482368,
  "branch_cost_mb": 0.458752,
  "extra_branches": 51.1875
}